ID,YearBuilt,Area,NumBedRooms,AreaBedroom,BedroomCond,NumKitch,AreaKitch,KitchCond,Garage,GarageArea,Electricity,AirConditioning,NumHearth,HouseCondition,Pool,Garden,Price
1,2018,1065,6,537,Excellent,1,354,Excellent,Yes,338,Yes,Typical,3,Excellent,Yes,Yes,15581
2,2012,1405,6,378,Average,1,298,Average,Yes,400,Yes,Excellent,3,Excellent,Yes,Yes,12894
3,2020,877,3,257,Good,2,332,Excellent,Yes,324,Yes,VeryGood,4,Bad,Yes,Yes,9309
4,1979,827,3,391,VeryGood,2,398,Typical,Yes,292,Yes,Good,2,VeryGood,Yes,No,8438
5,2016,1281,5,329,Typical,3,364,Good,Yes,334,Yes,Excellent,2,VeryBad,Yes,Yes,12238
6,1971,1548,6,263,Excellent,3,311,Average,Yes,334,Yes,Typical,2,Typical,Yes,Yes,26284
7,2013,938,4,284,Typical,2,399,Excellent,Yes,271,Yes,Good,1,Typical,Yes,No,6314
8,1984,1455,6,399,Excellent,2,306,Good,Yes,354,Yes,VeryGood,4,VeryGood,Yes,Yes,10521
9,1974,945,4,390,Bad,2,296,Typical,Yes,320,Yes,VeryGood,1,Bad,Yes,No,8098
10,2015,1761,8,263,Average,2,260,VeryBad,Yes,350,Yes,Bad,3,Average,Yes,Yes,19845
11,2018,1688,7,259,Good,1,394,Good,Yes,333,,VeryGood,2,VeryGood,Yes,Yes,23105
12,2021,676,2,253,Bad,1,270,VeryBad,Yes,317,,Excellent,3,VeryGood,Yes,Yes,7920
13,2005,1369,4,255,Excellent,3,364,VeryGood,Yes,294,,Good,2,Average,Yes,Yes,15975
14,2021,732,2,258,Excellent,1,289,Average,Yes,331,,Bad,1,Excellent,Yes,Yes,7106
15,1957,1468,5,386,VeryBad,3,393,VeryBad,No,320,,Good,3,Bad,Yes,Yes,10420
16,1952,1198,6,304,Excellent,1,395,Excellent,Yes,386,,Excellent,4,Average,Yes,Yes,15744
17,1965,768,2,354,Typical,2,291,Typical,Yes,393,,Typical,2,Typical,Yes,Yes,8277
18,1964,1098,5,316,VeryGood,2,252,Typical,Yes,322,,Average,4,Good,Yes,Yes,14518
19,1952,1135,5,391,Excellent,1,365,VeryGood,Yes,300,,Good,,Typical,Yes,Yes,12130
20,2008,1476,5,275,Excellent,3,392,Good,Yes,335,,Good,,Good,Yes,No,10021
21,2011,1232,6,335,Typical,2,365,Typical,,289,,VeryGood,,Typical,Yes,Yes,14292
22,1976,1451,5,341,VeryGood,3,364,Good,,365,,Good,,Typical,Yes,Yes,15115
23,2021,818,3,258,Good,3,300,Good,,342,,VeryBad,,Good,No,Yes,8871
24,1961,1545,6,262,VeryGood,2,365,VeryGood,,299,,VeryGood,,VeryBad,Yes,Yes,16856
25,1962,1969,6,272,Typical,2,305,Good,,281,,VeryBad,,Typical,Yes,Yes,19523
26,2013,1167,6,399,Typical,1,344,VeryGood,,383,Yes,Excellent,,Typical,Yes,Yes,11312
27,1971,1327,5,254,VeryBad,3,271,Average,,323,Yes,VeryGood,,VeryGood,Yes,Yes,14320
28,1988,850,4,336,Typical,2,281,Average,,342,Yes,Average,,VeryBad,Yes,Yes,6246
29,1985,776,4,263,Excellent,2,377,Typical,,390,Yes,Excellent,,Excellent,Yes,Yes,6766
30,1996,1195,6,314,VeryBad,3,302,Bad,,253,Yes,VeryBad,,VeryBad,Yes,Yes,11021
31,1951,1299,4,327,VeryGood,2,289,Typical,,392,Yes,Good,,VeryGood,Yes,Yes,14580
32,1985,1237,4,330,VeryGood,3,333,VeryGood,Yes,349,Yes,Average,,Excellent,Yes,Yes,10870
33,2011,1229,6,365,Typical,1,277,Typical,Yes,284,Yes,Good,,Good,Yes,Yes,14727
34,1961,904,3,266,Typical,2,378,Typical,Yes,257,Yes,Good,,Good,Yes,Yes,9057
35,1988,941,3,319,VeryGood,2,369,Excellent,Yes,386,Yes,Excellent,3,Excellent,Yes,Yes,6118
36,1972,1058,4,361,Average,1,292,VeryBad,Yes,344,No,Average,4,VeryGood,Yes,No,11210
37,2010,1885,7,396,Typical,2,319,Average,Yes,367,No,Typical,3,VeryGood,Yes,Yes,16714
38,1992,734,4,334,VeryBad,1,292,VeryGood,Yes,284,Yes,Average,1,Excellent,Yes,Yes,7818
39,2010,1010,4,366,Average,3,314,Excellent,Yes,387,Yes,Good,1,Typical,Yes,Yes,13586
40,1992,1600,6,278,Excellent,2,304,Typical,Yes,369,Yes,Excellent,2,VeryGood,Yes,Yes,27750
41,2018,1849,7,341,Excellent,1,298,Typical,Yes,343,Yes,Excellent,3,Typical,Yes,Yes,22119
42,1959,1855,6,380,Good,3,382,Average,Yes,280,Yes,Typical,1,Typical,Yes,Yes,22910
43,1999,1899,7,250,Bad,2,343,Excellent,Yes,372,Yes,Bad,4,Excellent,Yes,Yes,23837
44,1970,1053,5,363,Typical,1,376,Good,Yes,312,Yes,Average,2,Typical,Yes,Yes,10702
45,1991,1674,6,353,Typical,3,302,Bad,Yes,271,Yes,VeryBad,2,Typical,Yes,No,22404
46,1976,1947,6,374,Bad,2,365,VeryBad,No,320,No,VeryGood,3,Bad,Yes,Yes,28938
47,1992,1134,5,317,VeryGood,2,331,Bad,Yes,336,Yes,Typical,3,Bad,No,Yes,14526
48,1964,1801,7,378,Good,2,372,VeryBad,Yes,351,Yes,Average,1,VeryGood,Yes,Yes,24757
49,1960,1769,7,328,VeryGood,2,344,Excellent,Yes,354,Yes,Good,2,Average,Yes,Yes,28764
50,1977,1728,6,277,Typical,2,356,Good,No,382,Yes,VeryBad,2,Excellent,Yes,Yes,28530
51,1994,1470,5,385,Good,2,257,Excellent,Yes,252,Yes,Typical,1,Typical,Yes,Yes,13517
52,1983,745,3,286,Good,2,259,VeryBad,Yes,265,Yes,Typical,3,VeryGood,No,Yes,7879
53,2012,1111,5,279,VeryGood,2,313,Typical,No,336,Yes,Good,3,VeryGood,Yes,Yes,13405
54,1963,1083,5,322,Average,1,303,Excellent,Yes,290,Yes,VeryBad,3,Average,Yes,No,14617
55,2006,672,3,255,Average,2,321,VeryBad,No,326,Yes,Good,1,Excellent,No,Yes,6644
56,1988,975,2,336,Typical,1,270,Good,Yes,372,Yes,VeryGood,4,Good,Yes,Yes,8084
57,1965,988,3,294,VeryBad,2,383,Typical,No,383,Yes,VeryGood,2,VeryGood,Yes,Yes,6421
58,2011,1918,6,392,VeryGood,2,281,Average,Yes,385,Yes,Good,3,Good,Yes,Yes,18567
59,1996,1042,5,253,VeryGood,2,273,Good,Yes,366,Yes,Typical,3,Excellent,Yes,Yes,15363
60,1967,1401,5,360,Average,3,377,Excellent,Yes,381,Yes,VeryBad,1,Average,Yes,Yes,14360
61,1977,1313,5,250,Bad,2,334,VeryGood,No,255,No,Excellent,2,Good,Yes,Yes,13832
62,2019,1190,6,333,Bad,2,266,Good,Yes,284,Yes,Average,3,VeryGood,Yes,Yes,15491
63,1972,1820,6,301,VeryBad,2,344,Excellent,Yes,289,No,VeryGood,3,Typical,Yes,Yes,18452
64,1986,1924,7,316,Bad,1,320,Excellent,Yes,279,Yes,Good,2,Bad,Yes,Yes,27667
65,1972,1842,7,267,VeryBad,1,256,Good,Yes,398,No,Excellent,3,VeryGood,Yes,Yes,17163
66,1977,783,2,355,Good,2,333,Typical,Yes,333,Yes,Bad,3,VeryGood,Yes,No,9143
67,2007,1233,4,307,Good,2,304,VeryBad,Yes,370,Yes,VeryGood,3,Good,Yes,Yes,10584
68,1974,1480,6,324,Typical,3,399,Excellent,Yes,331,Yes,Typical,3,Excellent,Yes,Yes,15298
69,1970,1126,6,345,Good,2,365,Good,Yes,301,Yes,Good,4,Bad,No,Yes,12833
70,2004,894,2,258,Bad,3,356,Typical,Yes,355,No,Good,2,VeryGood,Yes,Yes,8078
71,2006,1116,5,278,Bad,3,291,Good,Yes,351,Yes,Average,3,VeryGood,Yes,Yes,12300
72,2016,1022,6,343,Bad,3,303,VeryGood,Yes,352,Yes,Good,3,Good,Yes,Yes,14237
73,2006,1531,6,353,VeryBad,2,353,VeryGood,Yes,356,Yes,Excellent,2,VeryGood,Yes,Yes,23595
74,2001,701,4,341,Typical,2,288,VeryGood,No,339,Yes,VeryGood,4,Average,Yes,Yes,9383
75,2015,828,3,366,Excellent,2,290,Typical,Yes,284,Yes,Average,4,VeryGood,Yes,Yes,6319
76,1979,1400,6,384,Average,3,289,Good,Yes,397,Yes,Bad,4,Excellent,Yes,No,12416
77,1998,1520,8,352,Good,2,386,Good,Yes,261,Yes,VeryGood,3,VeryGood,No,Yes,23943
78,1964,1026,5,379,Good,3,250,Bad,No,331,No,Bad,2,VeryGood,Yes,Yes,11374
79,1987,1600,6,269,Typical,2,283,Good,Yes,264,Yes,Good,2,Good,Yes,Yes,17268
80,2000,803,3,373,Good,2,322,VeryGood,Yes,370,Yes,Average,3,Excellent,Yes,No,6262
81,2015,1123,5,265,Excellent,1,269,VeryGood,Yes,358,Yes,Good,1,Typical,Yes,Yes,15164
82,1996,608,3,291,Bad,2,257,VeryBad,No,,Yes,Good,2,Bad,No,Yes,8478
83,2022,1984,6,352,Typical,2,358,Typical,No,,Yes,Excellent,4,Typical,,Yes,26581
84,2018,1328,6,265,Typical,2,378,VeryBad,Yes,,Yes,Good,1,Excellent,,Yes,15407
85,2013,1836,8,397,Typical,2,271,Typical,Yes,,Yes,VeryBad,3,Good,,No,17227
86,1989,1730,8,399,Good,3,371,Excellent,Yes,,Yes,Typical,3,Average,,No,19965
87,2001,951,4,354,VeryBad,2,280,Good,Yes,,Yes,Typical,1,Good,,Yes,6219
88,1990,1717,7,285,VeryGood,1,280,VeryGood,Yes,,Yes,VeryBad,2,VeryGood,,No,16044
89,1994,1379,6,253,VeryGood,1,351,VeryGood,No,,No,VeryGood,2,Bad,,Yes,14318
90,1977,648,4,275,VeryBad,1,303,Good,Yes,,Yes,Typical,2,Excellent,,No,8866
91,1952,1839,7,399,VeryBad,2,399,VeryGood,Yes,,Yes,Bad,4,VeryGood,,No,28715
92,1959,1015,6,364,Excellent,3,398,VeryGood,Yes,,No,VeryGood,2,Excellent,,Yes,13719
93,1970,673,3,351,VeryGood,3,294,Good,Yes,,No,Bad,3,Typical,,Yes,7103
94,1970,972,3,332,VeryGood,1,367,Average,Yes,290,Yes,Good,1,Excellent,,No,9111
95,2014,1572,7,273,Bad,2,328,VeryGood,Yes,357,Yes,Typical,4,VeryGood,,Yes,25069
96,1980,714,4,353,Good,2,287,Good,No,313,No,Bad,2,Bad,,No,7171
97,2006,1520,7,341,Typical,2,362,VeryBad,Yes,369,Yes,Good,2,Bad,,Yes,21306
98,2010,1552,7,389,Good,2,369,Bad,Yes,280,Yes,Bad,4,Good,,Yes,21519
99,1971,968,4,287,Typical,2,288,VeryBad,Yes,383,Yes,Typical,3,Bad,Yes,Yes,8247
100,1961,1697,8,352,Typical,1,376,Excellent,Yes,351,Yes,Good,4,VeryBad,Yes,No,29827
101,1965,1321,4,307,Bad,2,359,Good,Yes,292,Yes,Bad,1,VeryBad,Yes,Yes,14542
102,1977,671,2,335,Excellent,2,340,Excellent,Yes,343,Yes,Typical,4,Typical,Yes,Yes,8381
103,1999,1890,7,344,VeryGood,1,353,Typical,No,265,Yes,Good,3,VeryBad,Yes,Yes,17779
104,1955,1633,8,367,Typical,3,368,Excellent,Yes,317,No,Average,3,Typical,Yes,No,22925
105,2010,1963,8,313,Typical,1,283,VeryGood,Yes,278,No,Good,3,VeryBad,No,Yes,20276
106,1993,1612,7,251,VeryBad,2,318,VeryGood,No,263,Yes,Good,4,VeryBad,Yes,Yes,26665
107,1951,1352,5,303,Typical,2,372,VeryGood,Yes,364,Yes,Excellent,4,Excellent,Yes,Yes,12290
108,2006,713,3,366,VeryGood,1,381,Bad,Yes,257,Yes,Bad,4,VeryGood,Yes,Yes,8951
109,1975,950,3,317,Average,1,300,Good,Yes,350,Yes,Bad,3,Good,Yes,No,9711
110,2017,1521,6,291,VeryGood,2,264,Average,Yes,317,Yes,Average,4,Average,Yes,Yes,16495
111,1952,1298,6,368,Average,1,313,Bad,Yes,286,No,VeryBad,2,Excellent,Yes,Yes,15207
112,1974,1717,,399,VeryGood,2,361,VeryGood,Yes,387,Yes,VeryGood,2,Good,Yes,Yes,16099
113,1967,1363,,256,Average,2,293,Excellent,Yes,381,Yes,Excellent,2,Typical,No,Yes,10965
114,2007,667,,352,Typical,2,399,Typical,No,333,Yes,VeryBad,3,Typical,Yes,Yes,8054
115,2010,1147,,300,VeryGood,1,376,Excellent,Yes,399,Yes,Excellent,3,Excellent,Yes,,11778
116,2023,990,,265,VeryGood,2,357,Good,Yes,272,Yes,VeryBad,3,VeryBad,Yes,,8319
117,1987,949,,362,Good,2,320,Typical,Yes,364,Yes,Excellent,2,Bad,No,,8952
118,1991,1098,,365,Good,2,307,VeryGood,Yes,360,Yes,Excellent,3,Bad,Yes,,15535
119,1957,610,,364,Typical,2,312,Bad,Yes,336,Yes,VeryBad,2,Typical,Yes,,8129
120,2016,1187,,344,Excellent,2,265,VeryGood,No,382,Yes,Typical,2,VeryBad,Yes,,14052
121,1975,1104,,276,VeryGood,1,305,Typical,No,332,Yes,VeryBad,2,VeryBad,Yes,,12496
122,1951,985,,345,Average,2,336,VeryGood,Yes,285,Yes,Good,4,Typical,Yes,,7587
123,1994,1284,,325,VeryBad,2,285,VeryGood,Yes,262,Yes,Typical,3,Good,Yes,,13318
124,2017,802,3,278,Excellent,2,350,Average,Yes,325,Yes,VeryGood,2,Typical,Yes,Yes,7498
125,2022,1832,8,281,VeryGood,3,,Typical,Yes,351,Yes,Typical,3,VeryBad,Yes,Yes,20622
126,1964,1121,5,359,Good,3,,Typical,Yes,350,Yes,Typical,4,Typical,Yes,No,14279
127,2020,670,2,275,VeryBad,1,,Typical,Yes,307,Yes,Good,3,Typical,Yes,Yes,7203
128,1971,1717,8,268,Good,2,,Average,Yes,342,Yes,Typical,4,VeryGood,Yes,Yes,18949
129,1989,1164,4,261,Excellent,1,,Good,Yes,354,Yes,VeryBad,4,Excellent,Yes,Yes,14805
130,1954,801,4,265,VeryGood,1,,Typical,Yes,373,Yes,Good,2,VeryGood,Yes,Yes,7856
131,1970,637,4,333,Excellent,1,,Average,Yes,364,Yes,Good,1,Excellent,No,No,6644
132,,783,3,307,VeryGood,2,,Typical,Yes,316,Yes,Good,3,VeryGood,Yes,Yes,7140
133,,1969,7,345,Average,3,,Typical,Yes,291,Yes,Typical,3,Good,No,Yes,21050
134,,861,4,283,VeryGood,1,,VeryGood,Yes,392,Yes,Excellent,4,Bad,No,Yes,6147
135,,665,2,292,Average,3,,Excellent,Yes,350,Yes,VeryBad,2,Excellent,Yes,Yes,9495
136,,1762,6,399,Good,2,,Bad,Yes,370,Yes,Average,1,VeryGood,Yes,Yes,25947
137,,672,4,291,Good,3,,VeryBad,Yes,311,Yes,Typical,3,Typical,Yes,Yes,9179
138,,840,4,257,Excellent,2,329,Good,Yes,360,No,VeryGood,4,Excellent,Yes,Yes,9703
139,,1208,5,358,Typical,1,279,Good,Yes,386,Yes,Bad,1,Excellent,No,Yes,15517
140,,810,2,357,Bad,2,267,Excellent,Yes,371,Yes,Excellent,2,VeryGood,Yes,Yes,6441
141,,1751,6,292,Typical,3,260,Typical,Yes,288,Yes,Typical,3,VeryGood,Yes,Yes,19426
142,,1513,7,268,Typical,2,344,Excellent,No,307,Yes,VeryBad,3,VeryGood,No,Yes,20043
143,,1679,7,383,Good,1,287,Typical,No,332,Yes,Typical,2,Typical,Yes,Yes,24183
144,,1641,7,326,VeryGood,2,339,Good,Yes,292,No,Bad,1,Typical,Yes,Yes,28460
145,,830,2,276,VeryBad,1,277,VeryBad,Yes,352,Yes,Good,3,Good,Yes,Yes,9225
146,,1980,6,379,Typical,1,393,VeryGood,No,352,Yes,Good,4,VeryBad,Yes,Yes,26930
147,,745,2,299,Typical,2,366,Good,Yes,358,Yes,VeryGood,3,VeryGood,Yes,No,8470
148,2001,608,3,302,VeryGood,2,382,VeryGood,Yes,327,No,,3,Excellent,Yes,No,9520
149,1961,1575,7,356,Excellent,2,390,Good,Yes,302,Yes,,4,Excellent,Yes,Yes,26051
150,1955,1877,6,267,Excellent,1,341,VeryGood,Yes,310,No,,4,Good,Yes,No,26775
151,1979,1677,7,395,VeryBad,3,277,Excellent,Yes,316,Yes,,2,Good,Yes,Yes,18692
152,1952,1219,6,366,VeryGood,1,375,Excellent,Yes,369,Yes,,4,VeryBad,Yes,Yes,13734
153,1972,1466,5,277,Good,2,305,VeryGood,Yes,370,Yes,,3,Average,Yes,Yes,14433
154,1955,715,4,397,Good,3,301,Typical,Yes,277,Yes,,3,Typical,No,Yes,8769
155,2022,1569,7,353,Excellent,1,363,VeryBad,Yes,365,No,,1,Good,Yes,No,20624
156,2003,1809,6,323,Good,2,325,Typical,Yes,333,Yes,,1,Excellent,No,Yes,28292
157,2015,1148,6,266,Excellent,3,314,VeryGood,Yes,309,No,,4,Typical,Yes,Yes,12553
158,1954,1880,6,355,Good,3,358,Excellent,Yes,337,Yes,,4,Good,Yes,Yes,22857
159,1970,772,4,,Good,2,359,Typical,Yes,317,Yes,,3,Average,Yes,Yes,8579
160,1977,1723,6,,Excellent,3,322,Excellent,No,263,Yes,,1,VeryGood,Yes,Yes,19948
161,1997,1362,4,,VeryBad,2,312,Typical,Yes,271,Yes,,2,Good,Yes,Yes,15656
162,2004,911,3,,Good,3,314,VeryGood,Yes,260,Yes,Typical,3,Excellent,Yes,Yes,6393
163,2015,1630,8,,Excellent,3,400,VeryGood,Yes,265,Yes,VeryGood,1,Good,Yes,No,26651
164,1959,1417,5,,Typical,2,399,Average,Yes,274,Yes,Typical,2,Excellent,Yes,Yes,13320
165,1957,1168,6,,Bad,1,360,Good,Yes,326,Yes,Typical,3,VeryGood,Yes,Yes,11758
166,1995,1472,5,,Excellent,2,351,VeryGood,Yes,300,Yes,VeryGood,4,Bad,Yes,Yes,15282
167,1953,1055,5,,VeryGood,2,266,VeryGood,Yes,352,Yes,VeryGood,2,Good,Yes,Yes,13553
168,2007,775,2,,VeryGood,2,371,VeryGood,Yes,361,Yes,VeryGood,4,Excellent,Yes,Yes,8582
169,1957,1488,5,,VeryGood,2,336,Good,Yes,392,Yes,VeryGood,3,Typical,Yes,Yes,14180
170,1963,1418,4,,Typical,2,359,VeryGood,No,269,Yes,Excellent,2,Typical,Yes,Yes,10153
171,2011,828,4,,Good,3,353,Typical,Yes,284,Yes,Typical,1,VeryGood,Yes,No,6461
172,2019,1908,6,336,Good,1,309,Good,No,340,Yes,Typical,1,Excellent,Yes,Yes,18475
173,1956,1726,7,286,VeryGood,3,278,VeryBad,No,322,Yes,Bad,4,Good,Yes,Yes,26325
174,1973,1118,5,365,VeryGood,2,274,Excellent,Yes,380,No,Good,4,Excellent,Yes,Yes,15894
175,2010,1799,7,374,,1,369,Good,Yes,339,Yes,Excellent,1,Bad,Yes,Yes,26531
176,1963,1151,5,365,,1,273,Typical,Yes,340,Yes,Bad,3,Average,No,Yes,11644
177,2011,1705,6,351,,1,283,VeryBad,Yes,298,Yes,Good,3,Average,Yes,Yes,26360
178,1973,1438,4,328,,2,334,Bad,No,367,Yes,VeryGood,3,VeryGood,Yes,Yes,14413
179,2009,1240,4,337,,1,295,Good,Yes,267,Yes,Typical,3,Typical,Yes,Yes,11138
180,2001,1670,7,365,,2,289,Good,Yes,304,Yes,VeryGood,2,VeryBad,Yes,Yes,28406
181,1981,,6,255,,2,254,VeryBad,Yes,262,Yes,Typical,4,Average,Yes,Yes,13936
182,1977,,5,268,,3,400,VeryGood,No,274,Yes,Good,2,Typical,Yes,Yes,12377
183,2004,,3,399,,3,399,Average,Yes,395,Yes,Excellent,2,Typical,Yes,Yes,6892
184,1985,,7,360,,3,261,Typical,Yes,267,Yes,Typical,2,Good,No,Yes,22622
185,1996,,6,277,,1,375,Typical,Yes,258,Yes,Excellent,2,VeryBad,Yes,No,29147
186,1955,,6,385,,2,276,Average,Yes,303,No,Good,3,Good,Yes,Yes,18685
187,2015,,2,307,,2,336,Excellent,Yes,254,Yes,Excellent,1,,Yes,Yes,9017
188,1970,,3,294,Typical,1,277,VeryGood,No,315,Yes,VeryBad,2,,No,Yes,6878
189,1979,,5,314,Good,3,342,Excellent,Yes,254,Yes,Excellent,3,,Yes,Yes,11896
190,1986,,2,363,Excellent,2,309,Bad,Yes,337,Yes,VeryBad,2,,No,Yes,8164
191,2000,,5,277,Typical,1,255,Good,Yes,315,Yes,Excellent,1,,No,Yes,11984
192,1968,1009,5,266,VeryBad,2,298,VeryGood,Yes,307,Yes,Average,4,,Yes,Yes,10548
193,2010,1327,5,250,Good,2,250,Excellent,Yes,301,Yes,VeryGood,4,,Yes,Yes,14039
194,1960,1073,4,312,Average,2,257,Excellent,Yes,258,Yes,VeryGood,1,,Yes,Yes,13858
195,2002,653,2,252,Average,3,382,Excellent,Yes,373,Yes,Excellent,3,,Yes,Yes,6550
196,1986,1196,6,359,Good,1,390,Good,Yes,282,No,VeryBad,2,,Yes,No,10444
197,1973,716,3,332,Typical,1,345,VeryBad,Yes,339,Yes,Average,3,,Yes,Yes,9633
198,2008,1113,6,301,Good,2,394,Excellent,Yes,286,Yes,Average,2,,Yes,Yes,10741
199,1954,1899,8,363,Good,1,398,Excellent,No,272,No,VeryGood,2,,Yes,Yes,28266
200,1964,925,3,382,VeryBad,2,265,Good,Yes,305,Yes,Good,3,,Yes,Yes,9110
201,1973,1851,7,314,Average,3,372,Excellent,Yes,373,Yes,Typical,3,,Yes,Yes,18456
202,1955,1799,7,378,Good,2,305,Typical,Yes,375,Yes,Excellent,3,,Yes,Yes,21192
203,1967,1299,5,369,Excellent,3,367,VeryGood,Yes,355,No,Excellent,3,Bad,Yes,Yes,15744
204,2016,909,3,276,Excellent,3,347,Typical,Yes,282,No,VeryGood,2,Average,Yes,No,7774
205,1995,1671,7,263,VeryBad,2,309,Good,Yes,291,Yes,Good,2,Excellent,Yes,Yes,16252
206,1953,1013,5,311,Excellent,2,291,Excellent,Yes,260,Yes,Bad,3,Typical,Yes,Yes,11396
207,1990,1129,5,339,Good,2,299,Excellent,Yes,252,No,VeryBad,4,Average,Yes,Yes,15566
208,1976,678,2,326,VeryBad,2,386,Excellent,No,250,Yes,Bad,4,VeryGood,Yes,Yes,9126
209,1995,1303,5,381,Good,2,323,VeryGood,Yes,291,Yes,Good,3,Good,Yes,Yes,14728
210,2007,1107,5,349,Bad,1,305,Typical,Yes,278,No,Good,3,VeryBad,Yes,No,10134
211,1989,614,3,269,Good,1,297,Good,Yes,314,No,Good,4,Good,Yes,Yes,8333
212,1981,1862,6,332,Typical,1,373,Good,Yes,384,No,Good,3,VeryGood,Yes,Yes,26869
213,2018,1327,5,298,Typical,2,376,Typical,Yes,274,No,VeryGood,3,Typical,Yes,Yes,11057
214,2018,1296,4,347,Average,1,290,VeryBad,Yes,386,Yes,Bad,1,Average,Yes,Yes,15636
215,1954,1170,4,322,Bad,2,351,VeryGood,No,319,Yes,Average,1,VeryGood,Yes,Yes,11644
216,1959,631,4,312,VeryBad,3,284,Typical,Yes,393,Yes,Typical,2,VeryBad,Yes,Yes,9181
217,2011,1565,8,277,Typical,2,287,Bad,No,325,Yes,VeryBad,3,VeryBad,Yes,Yes,27612
218,2008,634,2,314,Bad,1,330,Typical,Yes,330,No,Typical,1,Good,Yes,Yes,7044
219,1972,1582,8,363,Good,2,287,Good,Yes,274,No,Good,2,Average,Yes,Yes,24227
220,1969,924,4,287,VeryGood,1,331,Good,No,252,Yes,Average,4,Bad,Yes,Yes,6973
221,1964,1890,7,380,Excellent,1,291,VeryGood,Yes,314,Yes,VeryGood,2,VeryGood,Yes,Yes,28784
222,1996,1674,7,304,Typical,2,255,Good,Yes,310,Yes,VeryGood,3,Excellent,No,Yes,21054
223,1975,1704,7,311,Bad,2,358,Typical,Yes,376,Yes,VeryGood,4,Good,Yes,Yes,17725
224,1976,1056,6,254,VeryBad,2,313,VeryBad,Yes,333,No,Average,2,Bad,Yes,Yes,14539
225,1964,1464,5,258,VeryGood,2,296,Excellent,Yes,354,Yes,Excellent,1,Good,Yes,Yes,14554
226,1982,611,4,362,Typical,1,311,Good,No,312,Yes,Bad,2,Good,Yes,Yes,6738
227,1985,1494,4,318,VeryGood,2,380,Typical,Yes,310,Yes,VeryBad,1,Excellent,Yes,Yes,14546
228,1965,1610,7,398,VeryGood,2,367,Average,Yes,306,Yes,VeryGood,3,Good,Yes,Yes,19252
229,1983,1608,8,378,Good,1,312,Excellent,Yes,276,Yes,Good,2,Bad,No,Yes,17149
230,1984,1156,4,297,Typical,2,251,VeryGood,Yes,366,Yes,Good,2,Excellent,Yes,Yes,15825
231,2015,666,2,329,Bad,2,309,VeryGood,No,262,Yes,Typical,2,VeryGood,Yes,Yes,8123
232,1981,1166,4,301,Bad,2,372,Excellent,Yes,302,Yes,VeryGood,2,Excellent,Yes,Yes,14665
233,2016,649,3,276,Bad,2,368,Good,Yes,370,Yes,Bad,1,VeryBad,Yes,Yes,6457
234,2003,1773,6,393,Average,3,343,VeryGood,Yes,296,Yes,VeryGood,3,Excellent,Yes,No,25141
235,2008,1601,8,386,VeryBad,2,371,Bad,Yes,342,Yes,Bad,4,VeryGood,Yes,Yes,20182
236,1992,777,4,338,VeryGood,1,352,VeryBad,Yes,309,Yes,Excellent,1,Typical,Yes,Yes,7116
237,2002,1878,6,399,Average,2,261,Average,Yes,371,Yes,VeryBad,2,Typical,Yes,Yes,20526
238,1992,1721,8,284,Bad,2,366,VeryGood,Yes,382,Yes,Excellent,3,VeryBad,Yes,Yes,26843
239,1970,1650,6,380,Good,2,269,,No,294,Yes,Typical,1,VeryBad,No,Yes,18553
240,2019,1042,6,376,Average,3,399,,Yes,268,Yes,VeryGood,3,Good,Yes,Yes,15268
241,1951,1977,7,374,Typical,2,399,,Yes,371,Yes,Good,2,Excellent,Yes,Yes,23398
242,2020,1648,8,335,Good,2,324,,Yes,372,Yes,Typical,1,VeryGood,Yes,Yes,16097
243,1985,1051,6,351,Average,1,385,,Yes,374,Yes,Bad,3,Bad,Yes,Yes,15585
244,2019,972,3,351,Bad,1,382,,No,286,Yes,Excellent,1,Typical,Yes,Yes,8931
245,1978,897,3,259,Typical,1,308,,Yes,254,Yes,Bad,1,Good,Yes,Yes,9121
246,1981,1697,6,357,Good,2,262,,Yes,268,No,Typical,2,Typical,Yes,No,17921
247,2008,1221,4,262,VeryGood,1,326,,Yes,253,Yes,VeryBad,2,VeryGood,Yes,Yes,15210
248,1983,1216,5,303,Average,3,317,,Yes,303,Yes,Typical,2,VeryGood,Yes,Yes,11903
249,1952,688,2,392,Excellent,2,309,,Yes,363,Yes,Typical,3,Typical,Yes,Yes,6322
250,2014,1901,6,366,VeryGood,2,306,,Yes,276,Yes,VeryGood,4,Average,Yes,Yes,22468
251,1971,879,3,295,Bad,3,373,,Yes,351,Yes,Bad,2,Typical,No,Yes,8780
252,2004,1865,7,337,Excellent,2,251,VeryBad,Yes,358,Yes,Excellent,4,Good,Yes,No,18059
253,2011,1860,8,392,VeryGood,3,289,Good,Yes,333,Yes,VeryGood,2,Excellent,Yes,Yes,20689
254,1993,1287,4,392,Good,2,375,Average,Yes,375,Yes,Typical,2,Excellent,Yes,Yes,15759
255,2004,1261,5,315,Bad,3,309,Good,Yes,341,Yes,Typical,3,Average,Yes,Yes,15903
256,2020,1690,8,324,Excellent,1,308,VeryBad,Yes,381,Yes,Typical,1,Good,Yes,Yes,27379
257,1986,1755,7,379,Average,3,362,VeryBad,Yes,295,Yes,Excellent,2,Good,No,Yes,20009
258,1990,1849,7,356,Typical,2,355,Average,No,275,Yes,VeryBad,1,Good,Yes,Yes,24023
259,1952,1391,6,258,Excellent,3,358,Good,Yes,323,Yes,Excellent,2,Good,Yes,No,12582
260,2007,1088,5,337,Good,3,329,Bad,Yes,310,Yes,Excellent,4,Bad,Yes,Yes,12981
261,2019,1329,6,388,Bad,2,361,Excellent,No,325,Yes,VeryGood,1,Average,Yes,Yes,10909
262,1955,741,3,293,Excellent,1,391,Good,Yes,323,Yes,Bad,3,VeryGood,Yes,Yes,7720
263,1977,1590,8,361,Bad,2,311,Excellent,Yes,373,Yes,Typical,4,Good,No,Yes,16156
264,1964,1093,6,383,Good,2,272,Average,Yes,294,Yes,Excellent,4,Average,Yes,No,11925
265,1991,708,3,315,Good,2,372,VeryGood,Yes,289,Yes,Good,4,Good,Yes,Yes,7549
266,1974,977,4,346,Good,2,373,Excellent,Yes,257,Yes,Average,2,Average,Yes,Yes,8555
267,2008,1780,7,305,Typical,1,263,Typical,No,347,Yes,Good,2,VeryGood,No,Yes,27590
268,1955,632,4,382,Bad,2,381,Good,Yes,300,Yes,VeryGood,2,Typical,Yes,Yes,9924
269,2019,1858,8,366,Bad,1,306,Good,Yes,271,Yes,Typical,2,VeryGood,Yes,Yes,20787
270,1976,1809,7,366,VeryGood,2,340,Average,Yes,338,No,Typical,2,VeryBad,Yes,Yes,18759
271,2022,1701,6,306,Good,1,368,Good,No,350,Yes,Average,2,VeryGood,Yes,Yes,19717
272,2013,730,4,308,Bad,1,367,Typical,Yes,324,Yes,Good,1,Bad,Yes,Yes,9904
273,1988,1010,5,343,VeryBad,2,317,Bad,Yes,377,Yes,VeryGood,3,Bad,No,Yes,11403
274,1991,992,4,328,Bad,2,289,Typical,No,283,Yes,VeryGood,2,VeryGood,Yes,Yes,8561
275,1984,816,2,333,Excellent,1,358,Excellent,Yes,279,Yes,VeryGood,4,Bad,No,Yes,8173
276,,1782,8,358,Average,3,255,Good,Yes,376,Yes,VeryGood,4,Average,Yes,Yes,18346
277,,1685,8,353,Excellent,1,354,Typical,Yes,284,Yes,Average,3,VeryGood,Yes,Yes,20459
278,,1256,6,386,Bad,1,358,VeryGood,Yes,256,Yes,VeryGood,3,Excellent,Yes,Yes,15539
279,,646,2,290,Typical,2,318,VeryGood,Yes,397,Yes,Excellent,4,Typical,Yes,Yes,6665
280,,708,3,283,VeryGood,2,383,VeryGood,Yes,338,Yes,Excellent,2,VeryBad,Yes,Yes,8021
281,,1904,8,324,VeryGood,2,340,VeryBad,Yes,368,Yes,Average,3,Good,Yes,Yes,29147
282,,1105,5,296,Excellent,2,358,Average,Yes,398,Yes,VeryBad,2,Excellent,Yes,Yes,11267
283,,963,3,253,Excellent,3,278,VeryBad,Yes,279,Yes,VeryGood,1,Excellent,Yes,No,7366
284,,621,2,386,Bad,2,284,Good,Yes,258,Yes,VeryGood,3,Bad,Yes,Yes,8091
285,2006,1182,5,292,Typical,2,307,Average,No,278,Yes,Bad,2,Average,No,Yes,13804
286,1953,840,3,286,Excellent,2,398,VeryGood,Yes,329,Yes,Excellent,1,Good,Yes,Yes,9607
287,1986,1518,8,366,VeryGood,1,283,Typical,Yes,354,Yes,VeryBad,2,VeryGood,Yes,Yes,22588
288,1955,950,4,356,Excellent,3,382,VeryGood,Yes,279,Yes,VeryGood,1,Excellent,Yes,Yes,7089
289,1965,825,4,338,VeryGood,2,291,Typical,Yes,287,Yes,Excellent,1,Excellent,No,Yes,9866
290,1951,1295,4,348,Typical,3,280,Good,No,292,Yes,Typical,1,Typical,Yes,Yes,15521
291,1953,1833,8,327,Good,2,342,Excellent,Yes,289,Yes,Typical,1,Excellent,Yes,Yes,22336
292,1991,1249,4,285,Typical,1,340,Excellent,Yes,253,Yes,Typical,2,Good,Yes,Yes,11846
293,1969,1794,7,274,Average,1,378,Good,Yes,345,Yes,Typical,2,VeryGood,Yes,Yes,18802
294,1996,804,4,368,Excellent,2,284,VeryBad,Yes,343,Yes,VeryGood,4,Good,Yes,Yes,8568
295,1954,1978,7,298,Typical,2,318,Good,Yes,322,Yes,VeryGood,3,Average,No,Yes,28899
296,2003,1625,7,305,VeryGood,2,319,VeryBad,Yes,361,No,Bad,1,VeryGood,No,Yes,29034
297,2002,1279,5,389,Excellent,2,375,VeryGood,Yes,382,Yes,Typical,2,Typical,Yes,Yes,10846
298,2008,952,3,256,Good,3,340,Excellent,No,345,Yes,Typical,2,VeryGood,Yes,Yes,9722
299,1969,848,3,359,Typical,2,382,VeryGood,Yes,366,Yes,Bad,1,VeryGood,No,Yes,9478
300,1974,1085,5,397,Excellent,2,272,Bad,Yes,378,Yes,Typical,1,Excellent,No,Yes,13263
301,1966,610,3,311,VeryGood,1,356,Typical,Yes,364,Yes,Typical,1,Typical,Yes,Yes,7887
302,1997,1330,4,378,Good,3,,Typical,Yes,319,Yes,Excellent,2,VeryGood,Yes,No,12820
303,1997,1854,7,392,Average,1,,VeryBad,Yes,373,No,Average,4,VeryBad,Yes,Yes,25261
304,1969,1455,5,338,Good,3,,Good,Yes,287,Yes,Typical,4,Good,No,Yes,12975
305,1970,1727,7,371,Excellent,2,,Excellent,Yes,379,Yes,VeryBad,3,Typical,Yes,No,24654
306,2004,824,3,289,Good,2,,Bad,Yes,313,Yes,Good,4,Typical,Yes,No,9822
307,2006,796,4,285,Average,3,,Excellent,Yes,380,Yes,Good,3,Average,No,Yes,9449
308,1990,1772,7,342,Average,3,,Good,Yes,282,No,Good,3,Typical,Yes,Yes,17073
309,1952,1898,7,392,Excellent,3,,Good,Yes,269,No,Average,1,Excellent,Yes,Yes,21085
310,1995,1504,7,389,Average,2,,Excellent,Yes,259,Yes,Excellent,3,Average,Yes,Yes,29235
311,1974,1616,8,350,VeryGood,2,,Typical,Yes,328,Yes,Excellent,4,VeryGood,Yes,Yes,19142
312,2011,1118,4,338,Bad,2,,Typical,Yes,263,Yes,Excellent,3,Bad,Yes,No,12360
313,1970,1944,7,303,Typical,2,,Excellent,No,357,No,Average,1,Typical,Yes,Yes,20681
314,1958,1809,7,324,Typical,2,,Average,Yes,334,Yes,Good,2,VeryGood,Yes,Yes,19885
315,1975,1087,5,324,Typical,3,341,Bad,Yes,284,Yes,VeryBad,2,Bad,No,Yes,14617
316,1955,1326,5,258,Typical,3,315,Good,No,307,Yes,VeryBad,3,Excellent,Yes,Yes,13317
317,2005,787,4,312,Typical,2,322,VeryGood,Yes,287,Yes,Typical,1,Typical,Yes,Yes,8002
318,2005,1988,8,341,Good,1,298,VeryBad,Yes,368,Yes,Average,2,Bad,Yes,Yes,17963
319,2019,1878,7,386,Bad,1,361,Good,Yes,365,Yes,Average,2,VeryGood,Yes,Yes,23025
320,1964,1819,6,333,Typical,1,311,Excellent,Yes,261,Yes,Typical,2,Excellent,Yes,Yes,26272
321,2000,1144,4,398,Good,3,303,Good,No,385,Yes,Bad,4,Excellent,Yes,Yes,11175
322,1962,1755,6,316,Excellent,2,269,Good,Yes,391,Yes,Good,3,Average,Yes,Yes,18870
323,2007,1403,4,256,Typical,2,281,Good,Yes,285,Yes,Typical,3,Average,Yes,Yes,10197
324,2020,1050,5,381,Good,2,279,Average,No,287,Yes,Excellent,1,VeryGood,Yes,Yes,10102
325,1978,910,3,321,VeryGood,3,335,Good,No,341,Yes,Good,3,VeryGood,Yes,No,6283
326,2010,861,3,289,Typical,2,383,Typical,Yes,281,Yes,Typical,1,Excellent,Yes,Yes,9998
327,2016,752,2,280,VeryGood,2,253,Bad,Yes,369,Yes,VeryGood,3,Good,No,Yes,7590
328,1956,1930,8,339,VeryBad,2,372,Excellent,Yes,260,Yes,Good,3,Bad,Yes,Yes,23043
329,1964,1835,7,339,Excellent,3,316,VeryGood,No,259,Yes,Good,4,Excellent,Yes,Yes,25552
330,2012,1183,5,355,Average,2,277,Typical,Yes,293,Yes,Excellent,4,Typical,No,Yes,15969
331,2015,1730,8,313,Excellent,1,376,Excellent,Yes,396,Yes,Excellent,1,Excellent,Yes,Yes,22479
332,1995,809,2,281,Bad,2,296,Average,Yes,381,No,Average,2,Bad,Yes,Yes,7788
333,2014,872,3,264,Typical,1,251,Good,Yes,379,Yes,VeryGood,4,Typical,Yes,Yes,8084
334,1985,1819,7,277,Good,3,332,Good,Yes,264,Yes,VeryGood,3,Average,Yes,Yes,16780
335,1966,1006,5,297,Excellent,2,298,Typical,Yes,321,Yes,VeryGood,2,Excellent,Yes,Yes,15964
336,1985,1401,4,315,Good,2,337,Bad,No,365,No,Typical,1,Typical,Yes,Yes,10113
337,1991,1859,6,352,Typical,2,286,Bad,Yes,330,Yes,Bad,2,Typical,Yes,Yes,17434
338,1994,1351,4,319,Bad,2,291,VeryGood,Yes,348,No,Good,1,Typical,Yes,Yes,14226
339,1970,1153,5,252,VeryGood,3,309,VeryBad,Yes,305,Yes,Excellent,2,VeryBad,Yes,Yes,13210
340,1974,1693,7,333,Average,2,348,VeryBad,Yes,337,Yes,Good,1,Excellent,Yes,Yes,16489
341,1959,787,3,260,Typical,2,260,Excellent,Yes,337,Yes,Good,1,VeryBad,Yes,No,6769
342,2002,1515,6,392,Good,3,348,VeryGood,Yes,280,Yes,VeryBad,2,Typical,Yes,No,19201
343,1967,921,3,286,Excellent,3,305,VeryGood,Yes,263,No,Average,2,VeryGood,Yes,Yes,8424
344,2015,760,3,380,Excellent,2,312,Typical,Yes,334,Yes,Bad,2,Typical,Yes,Yes,6539
345,2004,640,3,285,VeryBad,2,368,Good,Yes,283,Yes,VeryGood,1,VeryGood,No,Yes,6936
346,2012,1337,4,317,Good,3,289,VeryGood,Yes,314,Yes,Typical,2,Good,Yes,Yes,12879
347,1980,1311,4,252,Excellent,3,300,Bad,Yes,295,Yes,Good,1,Typical,Yes,Yes,10963
348,1985,924,4,305,Excellent,1,292,VeryBad,Yes,320,Yes,Good,4,VeryGood,Yes,No,8637
349,1966,1692,8,388,Excellent,1,314,Bad,No,271,Yes,Typical,2,Good,Yes,Yes,25695
350,1988,1498,5,271,Excellent,2,341,VeryGood,Yes,350,Yes,VeryBad,2,Good,Yes,Yes,15667
351,2006,727,3,372,Average,2,301,Typical,Yes,362,Yes,Excellent,1,VeryGood,Yes,Yes,9950
352,2005,1478,6,399,VeryBad,2,384,Excellent,Yes,285,Yes,Excellent,4,Bad,Yes,Yes,15971
353,1956,865,3,262,Average,3,313,Good,Yes,325,Yes,VeryGood,2,Good,Yes,Yes,8680
354,2017,1290,4,357,VeryGood,2,289,VeryGood,No,251,Yes,Bad,3,Average,Yes,Yes,15229
355,1995,1318,6,341,VeryGood,3,367,Average,Yes,275,Yes,Excellent,4,Good,Yes,Yes,12894
356,1994,1880,7,353,Excellent,1,297,Excellent,No,319,Yes,VeryGood,2,Typical,Yes,Yes,19078
357,1977,1007,5,263,Bad,2,397,VeryGood,Yes,377,Yes,VeryBad,3,Excellent,Yes,Yes,10781
358,1956,848,3,387,Excellent,1,400,Average,Yes,392,Yes,Average,3,Excellent,Yes,Yes,9947
359,1989,895,3,324,Bad,2,292,Excellent,Yes,284,No,Excellent,1,Good,Yes,Yes,7340
360,2017,1431,5,275,Typical,3,329,Typical,Yes,309,Yes,VeryGood,3,Good,Yes,Yes,15330
361,2013,1198,5,309,VeryGood,2,376,Excellent,Yes,355,Yes,Excellent,2,VeryGood,Yes,Yes,10683
362,1990,1050,5,351,Good,2,317,Bad,Yes,397,Yes,Excellent,2,Bad,Yes,Yes,12647
363,2006,1315,5,268,Excellent,2,335,Average,Yes,285,Yes,Typical,3,Typical,Yes,No,12655
364,1981,863,3,275,Typical,3,291,Average,Yes,306,Yes,VeryBad,1,Excellent,Yes,Yes,8078
365,1982,1865,6,299,Average,1,372,VeryBad,Yes,302,Yes,Typical,3,Typical,No,Yes,16890
366,1998,808,3,325,Good,2,328,Excellent,Yes,300,Yes,Bad,3,Excellent,Yes,No,6307
367,1973,789,3,269,Good,1,376,Average,Yes,384,Yes,Excellent,2,VeryGood,Yes,Yes,8008
368,1997,1500,8,338,Typical,1,321,Excellent,Yes,297,No,Bad,3,VeryGood,Yes,Yes,28031
369,1955,1308,4,283,Typical,2,277,VeryGood,Yes,372,Yes,Excellent,1,Excellent,Yes,Yes,10713
370,1951,1798,8,310,Typical,2,271,Bad,Yes,320,Yes,Good,4,Typical,Yes,Yes,28672
371,1963,1347,5,319,VeryBad,1,315,Average,Yes,293,Yes,Bad,2,Good,No,Yes,15913
372,1973,1294,4,380,Typical,2,350,Good,Yes,259,Yes,Good,4,VeryGood,Yes,Yes,15156
373,1958,1130,6,314,Bad,1,285,Excellent,No,378,Yes,Excellent,2,VeryGood,Yes,Yes,15433
374,2001,1652,7,319,VeryBad,2,258,Excellent,Yes,298,Yes,Good,3,Average,Yes,Yes,26191
375,1967,1696,6,337,Excellent,1,384,VeryGood,Yes,345,Yes,Typical,3,VeryGood,Yes,No,29221
376,1987,1132,4,388,Excellent,1,330,VeryBad,Yes,332,Yes,Average,3,VeryGood,Yes,Yes,12592
377,1988,1712,7,295,Typical,2,312,Average,Yes,323,Yes,Average,3,VeryGood,Yes,Yes,20214
378,1981,872,3,359,Bad,2,322,Bad,No,346,Yes,Excellent,2,VeryGood,Yes,Yes,7386
379,1956,1234,6,362,Typical,2,399,Excellent,Yes,257,Yes,Excellent,3,Typical,Yes,Yes,11400
380,1974,1403,5,355,Bad,1,310,VeryBad,Yes,272,Yes,Excellent,2,Bad,No,Yes,11155
381,2015,1234,6,307,Bad,2,362,Good,No,275,No,Excellent,3,Good,Yes,Yes,14356
382,1989,791,2,,VeryGood,3,336,VeryBad,Yes,368,Yes,VeryBad,2,Bad,Yes,Yes,9022
383,1952,994,3,,VeryGood,3,353,Average,Yes,334,Yes,VeryGood,1,Good,Yes,Yes,9263
384,2018,1240,4,,Bad,2,375,VeryGood,No,358,Yes,VeryGood,4,VeryGood,Yes,Yes,14590
385,1987,1398,6,,Typical,,351,Excellent,Yes,260,Yes,Excellent,2,VeryGood,Yes,Yes,10529
386,2017,1522,8,,Good,,343,VeryGood,Yes,394,Yes,Bad,3,VeryBad,Yes,Yes,22419
387,1950,693,3,,Typical,,335,Good,Yes,260,Yes,Bad,3,Excellent,Yes,Yes,9553
388,1967,1579,7,,Good,,259,Excellent,Yes,283,No,VeryGood,4,VeryBad,Yes,Yes,16409
389,1979,608,2,,Bad,,352,Good,Yes,331,No,Good,2,Bad,Yes,Yes,9131
390,1992,1367,4,,VeryBad,,290,VeryGood,Yes,263,No,VeryBad,3,Bad,Yes,No,15613
391,1968,1065,4,,Average,,361,Good,Yes,323,No,,3,VeryGood,No,Yes,11729
392,2012,1539,7,,Typical,,257,Bad,Yes,345,Yes,,3,Good,No,Yes,26908
393,1960,1525,7,,Good,,343,Good,No,303,Yes,,3,VeryGood,Yes,Yes,26278
394,2013,1730,6,,Excellent,,290,Average,Yes,290,Yes,,2,Excellent,Yes,Yes,27588
395,1966,1870,8,,VeryBad,,364,Typical,Yes,393,Yes,,3,Good,Yes,Yes,23881
396,1987,734,3,,Average,,374,Typical,Yes,330,Yes,,2,Typical,Yes,Yes,9372
397,1969,648,4,388,Excellent,,266,Good,No,302,Yes,,4,VeryGood,Yes,No,7249
398,2017,936,3,322,VeryGood,,351,Excellent,Yes,292,Yes,,3,Typical,Yes,Yes,9072
399,1955,1198,4,333,VeryGood,,289,Typical,Yes,375,Yes,,1,VeryGood,Yes,Yes,13935
400,1952,1046,4,262,Excellent,,321,Excellent,Yes,307,Yes,,3,Typical,Yes,Yes,11620
401,1959,1319,6,319,Excellent,,329,VeryGood,Yes,284,Yes,,3,Average,Yes,Yes,14888
402,1982,1515,8,282,Typical,,267,Good,Yes,380,Yes,,3,Average,Yes,Yes,22481
403,2009,774,4,312,Good,3,326,Bad,No,367,Yes,,3,Excellent,Yes,Yes,6927
404,2012,1466,5,399,Good,1,354,Excellent,Yes,379,Yes,,4,Good,Yes,Yes,14348
405,1955,816,3,374,Typical,1,366,Typical,Yes,308,No,,2,Excellent,Yes,Yes,6629
406,2018,1188,,336,VeryGood,3,272,VeryBad,Yes,337,Yes,,2,Typical,Yes,Yes,11855
407,2009,979,,292,VeryGood,2,378,VeryGood,Yes,291,Yes,VeryGood,3,Typical,No,Yes,7605
408,1975,664,,383,Average,3,278,VeryGood,No,347,Yes,Excellent,1,Bad,Yes,Yes,6303
409,1968,1486,,371,Typical,1,325,VeryGood,Yes,286,Yes,Excellent,1,Average,Yes,Yes,11260
410,1976,1625,,308,Excellent,1,362,Excellent,No,360,Yes,Good,2,Bad,Yes,Yes,20705
411,2011,1050,,271,Average,3,317,Average,Yes,301,No,Typical,3,Good,No,Yes,10478
412,1981,1166,,332,Good,1,257,Excellent,Yes,321,Yes,VeryBad,1,Excellent,Yes,No,12323
413,1979,1255,,313,VeryGood,2,250,Excellent,Yes,388,Yes,VeryBad,2,Typical,Yes,Yes,12145
414,1990,1200,,333,Good,1,361,Excellent,Yes,380,Yes,Typical,4,Good,Yes,No,15817
415,1978,1204,,397,Good,2,362,VeryGood,Yes,275,Yes,Typical,2,VeryGood,Yes,No,13493
416,2009,617,,379,VeryGood,2,270,VeryBad,Yes,358,Yes,Bad,2,Typical,Yes,Yes,8147
417,1956,1996,7,281,Good,2,324,Good,Yes,317,Yes,Excellent,2,Typical,Yes,Yes,17711
418,2000,1740,7,371,VeryGood,3,291,Average,Yes,318,Yes,Typical,2,Average,Yes,Yes,23553
419,2021,717,4,335,Average,3,290,Good,Yes,371,Yes,Typical,2,Excellent,Yes,Yes,9923
420,1992,1724,6,354,,2,276,Good,Yes,395,No,Excellent,3,Excellent,Yes,Yes,16952
421,2015,892,3,336,,2,393,VeryGood,Yes,382,Yes,VeryBad,1,Bad,Yes,Yes,7873
422,2008,1206,6,303,,2,296,Typical,Yes,286,Yes,Typical,2,VeryGood,Yes,Yes,12346
423,1978,889,3,370,,1,343,VeryGood,Yes,338,Yes,Bad,2,Typical,Yes,Yes,8811
424,2010,1324,6,365,,1,328,Excellent,Yes,320,Yes,Bad,2,Good,Yes,Yes,14529
425,1962,1108,6,354,,1,374,Typical,Yes,315,Yes,Typical,2,Typical,Yes,Yes,10325
426,1960,1806,6,289,,3,286,VeryGood,Yes,372,Yes,Excellent,2,Good,No,Yes,22240
427,1992,1132,5,388,,1,376,Excellent,,369,Yes,Average,1,VeryGood,Yes,No,13918
428,2022,1338,5,297,,1,301,Average,,360,Yes,Typical,1,VeryBad,Yes,Yes,13833
429,1952,1852,8,250,,1,330,Typical,,286,Yes,Good,3,VeryGood,Yes,Yes,18009
430,1965,1661,7,374,,2,274,VeryGood,,255,Yes,Bad,3,Good,Yes,Yes,18067
431,2004,1032,5,314,,1,400,VeryGood,,324,No,Average,2,Good,No,No,15598
432,1989,1012,6,334,,2,346,Excellent,,355,Yes,VeryBad,4,Bad,No,Yes,13975
433,1960,665,4,388,,3,326,Typical,,304,Yes,Bad,2,Excellent,,Yes,8619
434,2022,1280,5,297,,3,271,Excellent,,327,Yes,Good,2,Good,,Yes,13296
435,2017,1433,4,326,,2,321,Good,,374,Yes,Good,2,Bad,,Yes,14914
436,1964,1626,7,374,Good,2,315,Average,,257,Yes,Typical,4,Good,,Yes,26697
437,1969,1298,4,281,VeryBad,2,351,Average,,312,Yes,VeryBad,3,Typical,,Yes,11221
438,2017,1165,4,399,VeryBad,2,384,Good,,399,Yes,Good,2,VeryGood,,Yes,14119
439,1951,757,3,290,VeryGood,3,272,Excellent,Yes,306,Yes,Excellent,,Good,,Yes,9460
440,1965,1278,5,367,Excellent,1,347,VeryGood,Yes,364,Yes,VeryGood,,Excellent,,Yes,11930
441,1960,1255,5,367,VeryBad,2,250,Typical,No,310,Yes,VeryGood,,Good,,Yes,10869
442,1962,839,3,383,VeryGood,2,287,VeryGood,Yes,,Yes,Excellent,,VeryBad,,Yes,9076
443,1979,714,2,320,Typical,2,272,Good,No,,Yes,Average,,Good,,Yes,8026
444,2010,,3,321,Typical,3,278,Typical,Yes,,Yes,Average,,VeryGood,,Yes,8028
445,2013,,6,393,Bad,2,395,Typical,Yes,,Yes,Typical,,Average,,Yes,12204
446,1986,,8,291,Typical,2,336,Good,Yes,,Yes,VeryGood,,VeryGood,,No,19894
447,1987,,5,296,Average,2,303,Typical,Yes,,Yes,VeryGood,,Good,,Yes,11865
448,1959,,7,346,Excellent,3,353,Typical,No,,No,VeryGood,,Excellent,No,Yes,17293
449,1989,,6,340,VeryGood,2,250,Typical,Yes,,Yes,VeryGood,,Average,Yes,Yes,16069
450,2016,,6,361,Good,3,278,VeryBad,Yes,,Yes,Typical,,Typical,Yes,No,13414
451,1954,,7,397,Typical,2,267,Good,Yes,,Yes,Bad,,VeryGood,Yes,Yes,23965
452,2007,,6,285,Excellent,2,329,Typical,Yes,,Yes,Good,,Average,Yes,Yes,10223
453,1993,,8,258,Bad,2,294,Bad,Yes,,Yes,Average,,Good,Yes,No,25587
454,2019,,4,379,Good,1,262,Good,No,,Yes,Typical,,Bad,Yes,Yes,10157
455,2018,,3,279,Good,2,277,Average,Yes,,Yes,Typical,3,Good,Yes,No,8120
456,1988,,8,392,Bad,1,381,Good,No,254,Yes,Typical,4,Excellent,Yes,Yes,18299
457,1977,,6,345,Bad,2,275,VeryBad,Yes,373,Yes,VeryGood,3,Excellent,No,Yes,26186
458,1984,897,3,323,VeryGood,1,263,Average,Yes,377,Yes,VeryBad,2,VeryGood,Yes,Yes,9986
459,2010,1079,5,312,VeryGood,2,357,Typical,Yes,343,No,Typical,4,VeryGood,Yes,Yes,13047
460,2011,1751,7,264,Good,2,350,VeryBad,Yes,328,Yes,Average,3,Excellent,Yes,Yes,19217
461,2012,663,3,281,Average,1,318,Bad,Yes,379,No,Bad,2,Excellent,Yes,Yes,7785
462,1973,1110,5,266,Good,3,327,VeryBad,Yes,297,Yes,Excellent,2,Excellent,Yes,Yes,10899
463,1960,1476,4,392,VeryBad,1,250,VeryBad,No,305,Yes,VeryGood,2,Excellent,Yes,Yes,11110
464,1964,829,3,274,VeryGood,1,265,Bad,No,320,Yes,Good,2,Good,Yes,Yes,6015
465,2013,1510,7,336,VeryBad,2,258,VeryGood,Yes,383,Yes,VeryGood,4,Excellent,Yes,Yes,21484
466,1959,1663,6,271,Typical,2,316,Bad,Yes,292,,VeryBad,3,,Yes,Yes,22703
467,1990,1163,5,372,VeryBad,2,389,Typical,Yes,313,,Average,4,,Yes,Yes,13380
468,2013,1655,6,338,Typical,2,342,Typical,No,326,,VeryBad,2,,Yes,Yes,22622
469,1999,1520,6,340,Excellent,1,282,VeryGood,Yes,376,,VeryGood,1,,No,Yes,20033
470,1952,783,4,253,Excellent,1,345,Excellent,Yes,373,,Typical,3,,Yes,Yes,8777
471,1997,1494,4,257,Typical,1,390,Excellent,Yes,374,,Average,3,,No,Yes,11515
472,1960,1265,4,321,Excellent,3,346,Average,Yes,263,,Excellent,3,,Yes,Yes,15496
473,1977,705,3,294,Excellent,1,282,Typical,Yes,375,,Average,3,,Yes,Yes,6856
474,1975,1220,6,391,Excellent,3,271,Excellent,Yes,360,,Bad,2,,Yes,Yes,12135
475,1957,1123,5,311,Excellent,1,335,Excellent,Yes,283,,Typical,2,,Yes,No,15995
476,1954,1298,4,370,VeryGood,1,279,Excellent,Yes,399,Yes,Bad,3,,Yes,Yes,15856
477,1962,1506,8,317,Typical,1,304,Typical,Yes,362,Yes,VeryBad,4,,No,Yes,27145
478,1968,1028,5,394,VeryBad,2,353,VeryGood,Yes,251,Yes,VeryBad,3,,Yes,Yes,11868
479,1995,1717,6,315,VeryGood,1,393,Average,Yes,308,Yes,Good,1,Typical,No,Yes,23510
480,1993,1983,7,253,VeryGood,2,369,Typical,No,342,Yes,Bad,2,VeryGood,No,Yes,23323
481,1999,1749,7,349,VeryBad,2,329,VeryBad,Yes,375,Yes,Typical,2,VeryGood,Yes,No,21487
482,1960,620,2,346,Excellent,2,305,Good,Yes,316,Yes,VeryGood,4,VeryGood,Yes,,9255
483,1986,1580,7,328,Good,3,297,Average,Yes,348,No,Typical,2,Excellent,Yes,,22940
484,1985,1009,6,351,Typical,1,347,Bad,Yes,368,Yes,VeryBad,1,Average,No,,12434
485,1962,1297,5,332,Typical,1,372,VeryBad,Yes,353,Yes,Good,2,VeryGood,Yes,,10898
486,1973,706,2,367,Average,2,275,Bad,Yes,313,Yes,Typical,4,Bad,Yes,,8881
487,2013,1255,5,325,Good,3,259,Good,Yes,264,No,Good,3,Good,No,,14159
488,1952,612,3,307,Excellent,2,381,Average,Yes,307,Yes,VeryGood,3,Good,Yes,,7836
489,1971,1561,6,295,Excellent,2,322,VeryBad,Yes,288,Yes,Typical,2,VeryGood,Yes,,23094
490,1955,1196,4,373,Good,1,260,VeryGood,Yes,309,Yes,Excellent,2,Excellent,Yes,,12433
491,1990,1249,5,281,Typical,2,360,VeryGood,Yes,338,Yes,VeryGood,2,VeryBad,Yes,,10405
492,1997,1271,4,328,VeryGood,3,350,Excellent,No,279,Yes,Typical,2,Good,Yes,,10374
493,2021,1730,8,391,Typical,3,290,Average,Yes,300,Yes,VeryGood,1,Good,Yes,,20339
494,1961,1796,7,343,Typical,1,285,Bad,No,257,Yes,Bad,4,VeryGood,Yes,,16533
495,1978,1274,4,278,Excellent,2,346,Bad,No,390,Yes,Typical,3,VeryGood,Yes,,13554
496,1983,1324,5,374,VeryBad,3,329,Bad,Yes,301,Yes,Good,3,Typical,Yes,No,11047
497,2009,1567,7,277,Good,2,285,Average,Yes,327,No,Average,3,VeryGood,Yes,Yes,16683
498,1993,1052,6,377,Typical,2,380,Excellent,Yes,252,Yes,Good,1,Excellent,Yes,Yes,13305
499,2017,1620,7,295,VeryGood,2,270,Typical,Yes,347,Yes,Typical,3,Good,Yes,Yes,17907
500,1974,668,3,380,Excellent,1,296,Typical,Yes,332,Yes,Excellent,2,Typical,Yes,Yes,8033
